132,-1417,338,189,851,259,-1081
405,-1410,387,-196,743,-36,-947
204,-1663,321,-95,945,210,-1280
287,-1355,450,109,699,25,-847
637,26,-319,-554,-169,-434,188
493,-5,-228,-245,-148,-290,126
798,-969,3,14,537,-248,-415
197,-1563,173,19,1024,374,-1235
481,402,-31,79,-333,-239,269
300,-1480,263,-99,800,13,-885
563,240,-281,-188,-228,-314,349
723,-1173,3,131,618,-184,-467
442,-1497,278,-296,828,-4,-981
760,-1051,1,97,613,-137,-512
708,-835,199,284,515,-59,-600
269,-1567,82,-251,906,53,-959
303,-1385,485,102,723,62,-930
499,367,-32,-1,-381,-365,358
606,-941,-61,145,589,-106,-528
661,-921,2,86,575,-114,-593
712,-940,-93,219,601,-100,-369
276,-1222,282,109,767,158,-854
325,62,-482,-89,-60,-136,213
691,-811,77,204,476,-181,-420
403,201,-345,-113,-160,-198,221
604,350,-70,-121,-325,-332,295
714,-951,172,189,415,-339,-325
707,162,-127,-341,-332,-540,432
135,-1409,104,5,916,246,-1033
560,146,-258,-164,-141,-196,180
793,-881,26,209,496,-222,-266
204,-1522,238,-84,909,194,-1150
349,-7,-449,-167,-53,-171,155
702,-926,214,128,440,-272,-511
195,-1513,206,-11,966,305,-1198
445,-26,-175,-257,-185,-341,101
588,296,-358,-269,-263,-398,471
722,-1018,165,92,535,-185,-619
409,294,-272,-25,-223,-212,281
293,-1324,218,-85,768,31,-832
419,-1496,234,-136,831,20,-833
782,-929,120,139,466,-277,-361
655,-929,165,216,417,-310,-362
692,294,-57,-335,-351,-464,291
285,-1149,357,56,733,156,-952
682,-1028,-54,187,624,-95,-475
363,-1158,335,-2,711,78,-841
218,-1514,236,-16,940,266,-1164
375,-1306,449,-34,713,33,-935
481,261,-393,-289,-199,-303,288
151,-1507,165,8,927,233,-1076
220,-1355,328,160,888,336,-1135
628,-939,-100,187,596,-104,-441
309,202,-312,-73,-179,-195,169
633,103,-180,-248,-209,-341,256
410,-1196,356,-88,730,73,-915
295,-1474,438,77,782,92,-972
193,-1161,399,314,690,157,-798
672,-878,196,246,485,-142,-558
364,272,-137,104,-321,-312,386
344,249,-244,-47,-288,-336,347
332,-1386,448,-19,709,-9,-904
553,-83,-389,-530,-34,-264,-17
400,279,-167,-30,-347,-400,418
869,-909,237,89,400,-360,-347
615,151,-155,-272,-305,-479,386
941,-997,182,-121,489,-330,-515
329,-1550,130,-205,944,151,-1044
414,-1138,580,37,582,-42,-826
476,192,-108,-106,-276,-326,228
837,-581,200,231,366,-215,-326
909,-1227,95,-233,598,-318,-623
256,-1541,199,-121,963,248,-1192
539,251,-432,-302,-220,-376,438
843,-935,92,-49,547,-195,-590
479,-165,-366,-373,-27,-245,29
541,301,49,-56,-412,-445,351
175,-1502,-35,-147,1029,301,-1123
631,12,-264,-388,-214,-465,336
675,-1154,56,151,575,-216,-477
389,-1380,287,-152,732,-67,-779
795,-641,142,172,365,-280,-284
919,-900,263,-92,368,-448,-401
670,-976,12,206,641,0,-637
399,296,-188,-146,-274,-290,183
818,-1090,-11,-46,587,-250,-466
256,-1233,320,77,803,228,-1024
282,-1552,253,29,875,132,-929
463,229,-206,-183,-235,-285,185
902,-896,297,11,401,-350,-467
360,-1234,226,-49,806,150,-900
765,-882,196,289,470,-178,-412
308,48,-494,-155,-58,-156,171
643,-853,94,289,515,-101,-492
567,-43,-195,-440,-203,-450,155
672,-631,186,467,340,-221,-187
872,-655,411,243,294,-304,-377
645,373,-123,-242,-330,-381,318
759,-836,98,47,437,-299,-400
338,159,-178,-58,-243,-281,186
129,-1610,107,45,1030,346,-1167
178,-1432,260,164,897,289,-1050
629,-1036,-113,85,666,-60,-601
694,233,-220,-338,-324,-520,496
616,83,-323,-484,-253,-536,390
580,-29,-385,-533,-99,-354,119
813,-890,277,176,373,-356,-336
662,185,-28,-380,-348,-514,249
203,-1399,383,16,816,178,-1137
492,70,-382,-314,-141,-312,237
797,-805,417,328,374,-213,-491
469,-1402,297,-259,813,35,-980
376,-1479,414,-46,835,136,-1079
674,-837,-27,169,532,-142,-426
667,401,7,-188,-431,-487,410
247,-1493,93,-228,924,142,-1063
558,73,-15,-294,-308,-467,175
238,-1402,239,120,861,213,-933
427,-1239,401,-77,614,-143,-661
695,-772,128,93,431,-242,-485
834,-709,279,170,298,-390,-253
203,-1386,159,-141,844,111,-1005
647,-783,242,297,429,-154,-532
694,39,-344,-528,-235,-561,439
370,-130,-490,-289,41,-116,-8
792,-1037,132,55,590,-129,-658
238,-1187,103,75,816,191,-789
498,3,-303,-373,-103,-262,38
316,-1317,388,97,800,195,-1000
774,-893,280,218,438,-223,-493
183,-1336,273,59,773,104,-903
321,-1310,381,-114,668,-83,-834
220,241,-324,61,-219,-206,277
547,256,-211,-334,-304,-441,301
258,-1374,130,-41,919,254,-1029
769,-813,0,245,553,-79,-395
582,272,-122,-253,-418,-590,519
949,-821,455,76,291,-434,-393
694,-793,95,81,489,-164,-572
413,-1521,326,-117,865,109,-1020
237,35,-390,-40,-93,-149,135
172,-1216,439,318,792,330,-1077
148,-1419,392,119,772,120,-1007
496,-1106,-79,262,669,-22,-605
635,-941,-35,188,570,-125,-466
788,-1119,13,22,590,-231,-469
572,-962,152,268,517,-130,-591
781,-813,90,217,501,-144,-411
288,-1373,200,-79,794,44,-838
292,-1335,418,103,729,75,-884
458,203,-433,-201,-135,-215,269
553,105,-104,-309,-336,-538,333
481,73,-223,-151,-247,-400,362
159,-1302,308,105,850,291,-1141
466,72,-300,-312,-166,-316,157
530,138,22,-244,-339,-453,166
502,191,-211,-285,-276,-411,270
814,-951,184,72,403,-396,-312
841,-886,266,108,344,-428,-279
591,84,-115,-175,-272,-418,339
153,-1560,350,25,832,110,-1072
352,-1275,174,-41,818,131,-833
620,47,-386,-537,-139,-389,199
829,-1008,321,173,444,-280,-486
926,-669,357,136,292,-368,-319
634,118,-328,-469,-153,-339,172
403,-1317,294,-184,772,35,-931
391,-1428,199,-262,855,68,-991
457,298,-116,-28,-246,-194,147
735,-1043,-110,30,612,-189,-426
531,275,76,-14,-372,-366,254
208,-1532,364,-85,793,31,-1050
1013,-867,340,-90,336,-470,-375
181,-1417,164,41,890,220,-990
141,-1589,46,-32,1030,315,-1137
691,256,-149,-307,-299,-425,341
187,-1268,219,71,867,291,-1072
926,-794,219,0,396,-337,-392
194,-1446,321,76,906,302,-1199
484,-76,-290,-252,-89,-250,104
607,361,-70,-137,-366,-404,376
688,-872,-57,57,540,-184,-453
501,307,-209,-305,-284,-360,203
249,-1184,230,74,774,167,-865
419,338,-170,44,-268,-212,271
650,112,-247,-332,-191,-351,257
138,-1467,230,61,848,153,-979
699,-766,272,401,404,-165,-407
688,-854,10,314,562,-56,-425
498,262,-100,-133,-319,-369,275
191,-1180,281,202,722,133,-777
79,-1216,156,112,778,162,-868
496,-901,124,390,495,-108,-513
709,-1148,-74,-1,621,-220,-484
390,-1447,343,-67,832,115,-994
518,-990,112,326,504,-164,-493
554,-798,60,481,498,-61,-373
805,-810,110,30,447,-273,-428
214,-1637,131,-122,931,114,-1003
611,186,-94,-454,-364,-576,284
411,250,-155,19,-317,-350,394
595,82,-226,-505,-270,-528,261
334,-1259,379,74,733,97,-866
104,-1326,288,71,851,272,-1171
422,-1283,333,-95,708,-29,-776
165,-1470,175,88,882,190,-935
571,90,-182,-229,-252,-413,328
714,-1128,251,90,516,-247,-641
700,-724,69,169,402,-276,-303
528,-45,-378,-392,-157,-427,309
520,-26,-221,-383,-221,-465,225
785,-1245,71,-80,685,-131,-775
710,-824,124,265,425,-251,-301
279,-1625,255,-237,867,22,-1064
770,-1027,68,208,538,-209,-361
377,-1115,446,53,651,49,-831
492,249,-187,-251,-326,-448,334
254,-1644,119,-196,916,55,-965
624,-877,142,316,563,0,-656
626,266,-105,-278,-373,-518,412
331,-1299,415,-75,736,64,-1010
188,-1323,157,-29,846,176,-976
466,195,-247,-16,-174,-178,241
598,291,-217,-246,-265,-343,304
174,-1720,123,-112,1045,277,-1236
700,-923,131,226,450,-267,-348
478,420,-139,-169,-350,-353,271
262,-1452,336,86,897,278,-1129
792,-1133,54,-72,601,-224,-609
682,-733,178,153,422,-198,-528
548,88,-232,-441,-284,-532,305
125,-1441,194,105,986,414,-1247
578,264,70,-126,-425,-500,352
679,-7,-192,-449,-167,-384,134
440,-36,-335,-249,-82,-225,96
758,-695,140,128,404,-244,-406
211,-1750,185,-176,976,142,-1161
812,-1103,42,-174,545,-337,-532
276,-1624,82,-248,950,99,-1021
290,-1384,275,-94,849,165,-1075
754,-621,307,305,325,-238,-377
143,-1344,345,207,845,296,-1099
589,-1005,137,257,519,-162,-545
58,-1469,212,180,864,211,-972
474,486,-60,43,-369,-273,314
590,164,-135,-406,-370,-604,385
236,-1537,278,14,931,256,-1151
455,72,-378,-193,-144,-283,292
729,-928,153,11,365,-462,-309
756,-1091,99,132,587,-158,-548
863,-819,289,1,363,-371,-452
219,-1195,505,317,689,174,-902
140,-1542,-48,-135,1058,333,-1170
518,147,-234,-302,-212,-335,178
732,-956,0,114,588,-120,-519
747,-764,-71,127,493,-209,-282
642,264,-217,-351,-317,-481,403
840,-1185,56,-150,587,-302,-563
257,-1352,111,86,902,254,-884
334,-1463,356,48,826,132,-953
696,-816,115,64,420,-297,-436
666,-723,179,222,383,-248,-406
472,512,-132,51,-374,-294,416
493,151,-348,-134,-136,-205,259
268,-1396,372,137,848,246,-1057
999,-830,378,-15,320,-446,-368
497,174,-230,-101,-203,-257,261
213,-1242,317,221,795,244,-932
196,-1570,436,-20,818,98,-1152
598,234,-288,-311,-247,-386,347
187,-1517,136,61,979,313,-1081
330,-1408,359,-17,825,151,-1038
197,-1341,257,97,831,204,-974
787,-796,327,312,383,-231,-408
469,90,-173,-117,-274,-411,361
705,-102,-312,-678,-145,-499,166
558,220,-221,-328,-218,-310,147
866,-910,150,-100,455,-337,-487
671,-930,-169,72,603,-146,-408
406,226,-312,61,-199,-206,379
703,-1039,90,180,546,-188,-478
716,-749,90,293,451,-171,-331
239,-1486,405,72,807,125,-1028
148,-1349,256,61,790,126,-940
685,-927,115,316,500,-164,-390
216,-1416,218,170,935,344,-1051
265,-1433,391,-36,766,50,-997
473,-1318,290,-166,706,-93,-698
528,-244,-400,-494,-45,-371,121
311,-1076,366,124,733,212,-937
247,-1481,110,-163,877,83,-937
755,-793,255,226,346,-337,-310
941,-926,44,-85,502,-315,-364
312,-1492,147,-148,863,60,-886
376,-1466,197,-116,860,86,-886
266,-1235,247,-32,727,36,-812
457,180,-239,-115,-191,-233,201
145,-1209,232,306,838,334,-926
452,387,-154,31,-383,-393,509
918,-961,196,-26,414,-416,-331
568,-124,-326,-406,-89,-339,146
209,-1339,290,-97,739,10,-934
406,-1540,121,-287,868,-13,-851
166,-1680,20,-106,1051,270,-1128
744,-634,295,357,363,-170,-413
254,-1233,484,171,695,121,-940
541,-1026,-55,246,609,-85,-518
309,-1376,519,117,708,55,-932
664,-850,257,362,447,-144,-496
469,151,-466,-275,-134,-276,303
167,-1424,126,-71,910,214,-1070
377,-1233,512,-27,615,-73,-830
552,450,-177,-144,-344,-349,375
561,-1013,94,258,576,-77,-633
633,-35,-306,-561,-160,-450,176
503,-24,-376,-356,-149,-389,280
547,154,-23,-129,-316,-401,266
269,-1253,255,-4,824,208,-1017
830,-768,252,70,364,-335,-410
252,-1521,302,-21,905,218,-1146
754,-971,-92,70,585,-184,-384
649,179,-9,-382,-390,-584,311
473,277,-369,-190,-232,-322,385
151,-1457,88,-88,905,170,-1011
531,232,-61,-167,-313,-371,227
327,-1448,425,-232,745,-33,-1074
991,-783,403,-17,279,-480,-346
464,187,-283,-206,-228,-332,284
248,-1316,329,-100,742,38,-981
512,199,-185,-304,-322,-483,331
521,347,-321,-197,-266,-331,390
417,331,-234,-138,-323,-379,365
262,-1327,127,-124,886,203,-1032
384,-1701,138,-433,990,93,-1190
873,-953,137,-143,473,-345,-511
490,132,-117,-169,-295,-415,286
238,-1535,36,-122,984,225,-1030
221,-1372,348,36,826,198,-1096
626,0,-127,-398,-232,-450,180
245,-1234,272,186,815,254,-917
476,59,-382,-168,-105,-220,250
191,-1488,152,-41,985,327,-1207
564,227,-70,-106,-392,-516,500
247,-1254,330,71,702,37,-802
303,65,-231,-56,-223,-315,241
806,-1133,297,-37,492,-314,-662
805,-1252,68,-108,660,-190,-711
887,-979,140,52,537,-204,-501
810,-649,278,147,280,-390,-279
379,-1275,255,-75,706,-49,-686
734,-966,310,99,433,-281,-600
294,-1142,439,24,669,71,-939
747,-1057,27,86,564,-218,-451
206,-1729,78,-161,1008,171,-1089
356,-1313,542,-30,645,-49,-919
447,204,-228,2,-182,-173,225
684,-641,329,484,370,-111,-435
859,-995,217,137,543,-150,-576
569,66,-381,-302,-171,-379,382
545,29,-270,-329,-105,-236,52
657,199,38,-403,-402,-580,252
794,-845,167,238,507,-117,-490
237,-1089,381,180,715,201,-930
492,185,-147,-154,-259,-329,227
932,-931,112,-21,422,-418,-234
754,-962,-79,26,592,-170,-457
174,-1474,233,92,953,341,-1173
587,-1234,-166,133,743,-40,-595
677,-1004,83,221,617,-28,-649
207,-1461,44,-19,954,242,-965
846,-750,290,150,273,-460,-192
182,-1116,372,260,714,206,-889
317,-1523,233,-106,839,41,-899
126,-1543,290,10,934,281,-1268
308,-1658,67,-351,934,18,-991
395,-1429,229,-210,770,-64,-793
328,-1627,198,-303,948,122,-1176
725,-827,93,342,474,-165,-301
219,-1243,164,102,807,177,-821
715,-1166,109,49,639,-114,-735
254,-1277,310,154,760,137,-832
553,146,-196,-152,-198,-271,229
490,105,-376,-192,-157,-291,330
526,53,-272,-341,-239,-464,329
361,-96,-382,-216,-50,-202,79
786,-1009,232,14,487,-266,-608
805,-879,47,190,499,-212,-307
210,-1452,287,18,918,290,-1201
333,-1445,184,-98,860,104,-905
599,460,-167,-149,-377,-407,468
360,20,-287,-152,-88,-149,10
190,-1380,335,196,763,111,-838
381,-1587,250,-356,860,-12,-1058
583,136,-218,-443,-242,-429,186
449,386,-201,-206,-319,-345,255
333,-1460,276,25,865,167,-949
796,-585,209,254,304,-313,-212
874,-837,312,177,327,-404,-255
737,-620,74,281,381,-235,-208
771,-943,204,209,405,-345,-288
886,-1150,115,-162,547,-341,-542
537,-978,-20,237,601,-59,-584
562,54,-212,-239,-134,-234,100
189,-1305,148,-45,825,142,-936
513,-861,108,342,513,-71,-575
611,-920,1,360,564,-71,-413
732,-889,-98,95,576,-146,-403
390,-1306,478,-71,661,-57,-868
254,-1219,230,150,751,120,-733
42,-1378,148,166,865,239,-960
809,-1061,-85,-151,561,-331,-399
701,-869,128,236,458,-221,-386
212,-1370,270,112,883,288,-1075
512,161,-123,-352,-311,-470,205
313,-1419,213,-162,847,97,-992
291,-1491,49,-207,942,154,-991
166,-1481,235,8,850,136,-998
318,168,-311,36,-189,-211,294
406,-1339,506,19,694,10,-888
614,156,-325,-437,-151,-302,147
142,-1266,320,251,806,268,-985
212,-1393,198,-60,822,99,-941
947,-1065,167,-188,512,-348,-551
886,-823,166,-15,460,-257,-495
804,-919,-51,-61,560,-218,-464
66,-1267,379,272,830,353,-1174
291,175,-343,58,-151,-143,241
224,-1440,340,-9,746,2,-890
851,-1042,-67,-165,597,-257,-494
828,-817,290,-23,335,-420,-436
289,-1653,282,-198,917,114,-1166
530,49,-223,-228,-194,-342,239
795,-635,294,319,292,-315,-231
131,-1396,12,116,966,330,-954
541,67,-96,-353,-298,-494,213
685,-71,-231,-615,-163,-464,103
690,-767,108,234,457,-170,-425
822,-984,218,46,495,-241,-570
320,-1636,241,-96,962,203,-1124
470,-74,-321,-262,-86,-257,123
698,-581,107,319,345,-249,-201
509,105,4,-145,-345,-468,279
493,-10,-292,-275,-178,-380,270
-29,-1392,173,292,924,385,-1096
731,-959,-129,-4,618,-144,-490
529,129,-95,-258,-342,-516,336
60,-1325,118,79,862,231,-986
549,130,-111,-173,-269,-376,265
567,186,-170,-199,-252,-346,274
775,-907,28,9,561,-155,-564
779,-906,97,246,553,-95,-470
657,128,-158,-302,-297,-493,398
599,-43,-229,-428,-187,-438,201
387,-1228,551,51,601,-65,-791
661,-597,193,352,349,-204,-328
353,-1499,267,-284,813,-18,-997
658,-969,208,186,468,-230,-538
521,465,-304,-84,-320,-332,507
556,382,-159,-261,-328,-376,270
767,-1093,49,-38,551,-281,-505
766,-745,134,252,493,-91,-482
773,-1118,188,-28,514,-305,-588
49,-1547,239,114,865,167,-1023
761,-808,172,176,467,-172,-497
888,-999,167,-86,502,-298,-543
646,-899,68,301,566,-44,-537
332,-1418,284,-200,834,92,-1073
739,-921,169,259,553,-64,-589
259,-1483,207,-189,901,159,-1138
745,-874,64,160,465,-260,-326
713,433,40,-266,-520,-638,535
710,-954,230,254,456,-230,-457
419,149,-214,-215,-171,-218,33
196,-1355,139,116,938,345,-1037
908,-1171,151,-113,581,-269,-608
886,-801,395,133,309,-392,-374
435,248,-281,47,-185,-163,303
601,302,-37,-347,-391,-510,266
861,-1093,120,67,567,-219,-487
690,-792,139,85,432,-247,-501
339,-1351,511,-54,690,-5,-989
351,-1415,291,2,867,195,-1002
787,-917,304,108,424,-278,-548
362,-1456,153,-158,886,114,-933
566,-882,208,336,491,-92,-612
841,-985,50,3,598,-139,-583
541,-59,-310,-422,-158,-417,213
382,-74,-458,-281,0,-145,27
501,113,-406,-282,-137,-283,266
141,-1348,171,34,856,207,-999
374,-1183,342,11,689,27,-765
376,250,-242,52,-198,-158,231
621,-800,57,158,461,-207,-454
756,-760,257,292,376,-250,-353
240,-1595,215,-81,907,133,-1037
793,-949,230,-16,403,-391,-459
822,-886,390,185,370,-311,-478
776,348,66,-380,-486,-649,439
466,-162,-426,-390,-59,-328,165
214,-1205,239,15,804,208,-1009
171,-1446,356,26,803,123,-1062
545,367,-114,-245,-395,-482,373
853,-1115,227,-76,515,-308,-615
251,-1207,402,131,634,-15,-727
433,212,-194,-203,-253,-322,179
279,-1619,182,-184,954,163,-1129
681,-1077,-156,35,667,-119,-511
487,192,-493,-256,-148,-286,378
478,207,-114,-207,-322,-424,265
511,184,-349,-135,-202,-309,411
811,-1007,223,160,445,-318,-373
151,-1668,41,-13,1049,305,-1108
725,323,-34,-356,-401,-538,372
333,-1583,197,-191,889,62,-976
404,-1194,530,-31,627,-26,-887
699,92,-235,-366,-266,-509,445
633,158,-213,-443,-324,-571,402
434,190,-146,-32,-261,-295,267
105,-1550,128,55,1046,424,-1281
804,-966,185,31,487,-260,-539
114,-1483,49,12,984,310,-1087
940,-811,313,62,372,-342,-402
881,-911,345,-61,328,-480,-428
377,-1092,377,28,698,112,-873
404,-1450,217,-146,884,135,-978
486,-135,-273,-376,-124,-365,110
550,6,-457,-477,-79,-311,169
394,175,-169,-115,-266,-330,224
335,299,-138,114,-283,-220,263
843,-746,158,164,400,-281,-295
730,-8,-304,-623,-208,-548,308
409,88,-535,-355,-100,-283,247
465,311,-295,-32,-209,-196,311
378,179,-374,-158,-191,-284,295
304,-1243,397,-50,715,61,-973
790,-594,380,336,285,-264,-351
718,-920,110,15,392,-425,-320
759,-818,134,145,372,-371,-239
424,39,-442,-292,-118,-296,244
745,-1329,-57,-112,670,-259,-567
581,-1047,75,264,551,-152,-508
134,-1617,140,-59,926,146,-1037
760,-735,273,218,380,-237,-450
223,-1667,67,-136,1031,246,-1131
275,-1301,407,143,735,112,-887
747,-1128,5,44,670,-86,-656
738,-1126,72,132,566,-224,-456
475,353,-178,-15,-254,-203,247
395,-1250,365,-49,724,44,-866
284,-1563,313,23,878,154,-1016
763,-1031,119,15,501,-295,-488
660,219,-116,-409,-402,-634,458
290,-1570,152,-193,920,114,-1031
818,-945,225,-55,355,-489,-349
782,-1015,79,97,491,-307,-342
312,-1303,284,-103,744,20,-878
499,-113,-287,-312,-76,-261,62
357,-1247,366,-3,682,-13,-770
637,-690,326,501,380,-111,-453
563,-955,137,284,586,-2,-732
589,-51,-99,-315,-200,-388,123
426,148,-147,-69,-312,-417,375
815,-912,139,-56,403,-419,-361
734,-936,16,-31,527,-241,-514
82,-1334,213,158,871,294,-1063
451,-51,-393,-260,-60,-222,136
833,-836,247,94,348,-402,-307
285,-1406,431,70,758,85,-958
632,324,-123,-199,-403,-530,535
162,-1477,393,-5,821,148,-1169
621,130,-208,-264,-163,-256,151
406,271,-273,-109,-281,-346,367
405,-34,-431,-235,22,-65,-35
324,-1470,70,-256,950,173,-1057
501,-8,-347,-410,-160,-398,216
482,51,-115,-290,-233,-371,92
691,-818,216,180,462,-156,-600
810,-742,141,91,359,-369,-255
187,-1348,-8,35,942,279,-904
269,-1459,260,116,848,159,-876
430,369,-99,29,-328,-277,291
326,-1183,350,27,635,-56,-679
147,-1570,-9,-62,1048,329,-1127
318,-1486,283,-277,840,50,-1114
607,262,-99,-153,-361,-467,451
347,111,-255,-103,-246,-357,306
468,292,-224,5,-198,-151,226
794,-867,-9,148,510,-217,-296
626,40,-102,-437,-254,-464,145
932,-599,387,132,247,-397,-296
912,-790,474,100,264,-445,-388
752,-853,144,75,449,-261,-471
763,-1319,46,-74,698,-155,-743
562,48,-62,-207,-233,-348,145
818,-672,197,218,301,-384,-144
432,293,-255,-70,-283,-326,383
746,-1204,115,28,622,-173,-671
527,48,-262,-249,-100,-193,59
459,176,-96,-88,-318,-400,317
56,-1539,117,63,1042,431,-1300
512,31,-286,-267,-158,-319,213
921,-1052,147,-164,497,-367,-500
875,-736,365,193,248,-463,-192
202,-1393,199,44,938,332,-1146
324,-1213,337,94,755,152,-879
150,-1352,190,47,897,287,-1103
796,-957,276,-18,436,-318,-596
930,-925,264,-19,444,-312,-504
614,-38,-157,-352,-203,-421,199
547,181,-421,-373,-114,-236,170
18,-1314,316,331,815,293,-1020
172,-1489,396,34,825,157,-1139
657,520,43,-160,-493,-508,447
263,-1438,357,101,770,68,-858
805,-1052,1,-45,611,-177,-572
323,-1623,42,-367,989,121,-1101
614,264,-106,-155,-273,-311,258
207,-1375,456,207,725,95,-902
742,-1005,-24,-65,645,-92,-710
615,367,-276,-232,-321,-425,500
891,-1066,151,-121,482,-387,-457
716,-866,56,235,509,-158,-394
798,-840,215,128,405,-301,-399
606,162,-119,-390,-362,-583,370
679,-773,186,133,448,-176,-593
863,-892,191,44,359,-452,-232
741,-1071,-150,-79,645,-186,-503
87,-1332,195,144,860,265,-1019
630,-25,-256,-447,-207,-485,290
413,-1471,263,-302,807,-28,-956
199,-1280,260,-45,763,89,-956
370,-1662,197,-386,927,39,-1129
725,245,-190,-388,-283,-441,340
728,-1047,192,73,538,-190,-656
649,-874,165,319,505,-97,-532
254,-1465,241,65,906,245,-1031
517,285,-125,-74,-373,-454,482
787,-937,288,190,376,-364,-345
678,-801,33,186,460,-224,-349
665,425,-62,-221,-492,-618,612
582,203,-416,-323,-188,-351,389
595,533,-42,-96,-448,-430,448
154,-1069,280,293,702,185,-757
637,-759,54,131,428,-252,-402
612,113,-105,-294,-281,-441,263
469,-6,-229,-218,-186,-350,218
510,-147,-295,-352,-97,-332,123
409,104,-74,-154,-259,-330,98
800,-674,356,260,300,-311,-351
476,-1405,357,-271,771,-22,-965
452,234,-163,-263,-284,-366,167
589,485,-69,-170,-395,-387,332
389,200,-244,32,-217,-228,303
206,-1536,130,-64,1021,347,-1234
889,-979,92,11,541,-227,-468
241,-1515,67,-211,933,140,-1027
214,-1148,456,249,700,189,-938
274,-1377,266,-128,768,14,-915
299,-1157,348,129,714,126,-826
792,-1028,-2,76,555,-239,-374
812,-1067,100,-120,470,-415,-423
242,-1358,226,-46,883,239,-1107
762,-924,-46,-38,600,-134,-583
321,2,-510,-152,-18,-119,139
187,-1730,48,-137,1025,197,-1085
487,123,-148,-294,-315,-493,291
790,-1067,-81,-126,557,-331,-391
804,-1030,93,-73,447,-429,-351
339,-1352,230,-147,738,-55,-767
600,45,-137,-370,-255,-460,221
977,-1015,111,-227,501,-375,-478
582,175,-16,-96,-354,-455,386
139,-1410,250,34,916,311,-1217
510,-17,-91,-279,-194,-333,38
837,-926,289,146,382,-364,-356
750,-923,-21,-40,514,-278,-428
869,-811,257,113,373,-341,-349
746,-675,168,333,408,-170,-330
195,-1335,150,-105,866,186,-1055
319,300,-302,-78,-288,-333,357
271,-1597,52,-252,993,181,-1105
351,-1192,348,12,672,-1,-748
492,63,-184,-182,-208,-328,211
663,-901,170,367,472,-163,-399
597,-84,-212,-344,-135,-344,137
569,16,-213,-296,-130,-261,78
238,-1474,311,55,882,226,-1090
301,-1351,366,-7,678,-72,-751
956,-764,353,44,279,-471,-271
235,166,-268,32,-201,-202,189
260,-1187,371,82,665,27,-794
684,-1024,103,226,543,-167,-482
264,-1252,454,40,691,61,-960
591,-1094,24,161,666,-14,-744
228,-1374,113,-59,942,289,-1097
468,61,-290,-341,-239,-457,300
853,-607,266,207,356,-228,-386
144,-1614,156,-40,938,177,-1066
703,-663,338,410,362,-154,-451
560,85,20,-203,-292,-397,145
109,-1398,310,175,841,241,-1058
228,-1481,312,-32,829,109,-1033
716,-866,207,57,403,-323,-488
800,-920,70,36,452,-342,-320
343,74,-504,-50,-42,-101,237
798,-985,168,0,522,-220,-614
264,-1503,364,-57,818,88,-1056
130,-1498,181,109,923,262,-1041
379,-1196,354,15,746,127,-900
310,-1467,440,-203,740,-37,-1068
783,-953,-68,-51,582,-199,-484
195,-1462,262,99,861,192,-984
648,-644,194,438,387,-141,-345
769,-925,78,167,541,-150,-469
476,106,-327,-116,-107,-163,185
897,-696,296,107,242,-501,-145
279,-1281,155,-77,863,205,-994
760,-709,104,182,362,-333,-207
727,253,-268,-394,-296,-493,473
450,-26,-387,-344,-26,-160,-27
619,-31,-329,-550,-201,-525,298
220,-1528,280,37,850,124,-968
670,-869,3,304,562,-66,-430
782,-970,208,167,485,-225,-487
787,164,-84,-472,-330,-556,338
618,170,-142,-195,-262,-369,312
843,-1154,-79,-232,577,-376,-420
610,-35,-130,-300,-152,-306,75
354,-1456,336,-127,779,4,-927
103,-1297,245,153,796,189,-942
839,-706,106,138,455,-184,-394
896,-982,54,-114,493,-358,-383
439,316,-304,-117,-234,-256,298
763,-617,187,316,313,-306,-167
604,468,-114,-146,-354,-340,341
356,44,-239,-130,-124,-177,26
761,-662,147,147,394,-236,-395
293,-1406,88,-54,930,229,-957
801,-750,288,221,353,-296,-362
610,-912,188,265,513,-99,-633
387,142,-261,-166,-126,-145,6
754,-892,173,40,389,-389,-369
465,-1282,425,-111,692,-30,-844
545,423,-134,-86,-330,-309,333
648,-938,122,247,580,-32,-660
385,-1299,152,-105,860,164,-902
550,112,-400,-463,-84,-231,48
304,-1189,544,162,632,45,-866
135,-1439,251,59,909,289,-1172
728,-893,204,130,424,-291,-452
359,-1313,421,-84,688,-33,-884
795,-864,147,128,465,-234,-431
422,263,-281,-91,-269,-331,381
745,-736,138,209,371,-309,-256
825,-757,289,233,363,-283,-354
784,-758,159,284,474,-119,-427
175,-1131,405,287,687,168,-850
261,-1233,500,245,650,59,-798
830,-896,88,161,570,-88,-521
177,-1275,208,52,824,203,-976
725,-1281,-2,-55,698,-143,-714
749,-927,308,214,408,-283,-467
676,-1129,61,115,556,-242,-479
732,-1023,-71,-41,613,-173,-549
237,-1274,421,248,770,225,-963
320,-1640,289,-86,944,191,-1141
687,-843,138,257,524,-75,-569
321,-1557,181,-221,853,2,-918
760,-814,306,356,418,-172,-443
667,-26,-295,-606,-142,-422,111
462,192,-367,-165,-134,-186,209
970,-1019,136,-121,506,-335,-453
246,-1258,190,123,847,251,-905
374,424,-174,109,-338,-270,402
163,-1171,207,299,802,276,-817
742,-1185,-133,-101,651,-238,-492
770,312,52,-379,-446,-601,380
333,267,-260,18,-214,-184,224
302,-1248,423,108,754,171,-987
895,-1201,42,-242,596,-328,-575
696,-898,-161,61,603,-129,-428
491,185,-461,-245,-117,-220,275
788,-883,169,267,455,-226,-334
912,-918,345,90,394,-339,-444
753,-635,246,298,353,-222,-354
711,-978,76,262,530,-172,-391
366,-1477,262,-272,788,-54,-923
405,48,-373,-279,-106,-234,105
142,-1528,136,37,1015,375,-1215
701,-949,210,87,455,-269,-556
360,-1433,250,-83,884,180,-1028
736,-1008,-114,-34,662,-94,-602
153,-1161,303,310,744,220,-824
292,-1403,320,-193,733,-57,-926
458,-1351,379,-112,776,63,-942
380,55,-314,-121,-101,-161,98
492,225,-269,-101,-200,-238,277
616,134,-100,-183,-278,-400,320
689,-914,107,214,528,-130,-522
705,-784,235,427,413,-172,-341
160,-1292,299,220,875,361,-1110
670,-790,27,271,502,-125,-390
600,-3,-263,-394,-107,-278,65
622,320,-251,-249,-313,-432,467
217,-1394,209,-22,901,253,-1110
109,-1131,203,294,764,237,-795
643,308,-79,-331,-452,-639,514
629,72,-107,-397,-274,-476,211
621,383,-127,-233,-458,-603,603
570,-4,-396,-542,-77,-303,51
664,-597,203,472,348,-176,-255
174,-1488,39,-47,1026,356,-1160
521,-1093,-170,238,708,8,-570
490,116,-89,-78,-318,-435,374
711,-1086,227,136,511,-232,-590
643,6,-160,-432,-235,-475,221
801,-959,186,0,412,-397,-393
730,-1012,243,64,473,-268,-601
251,-1331,222,139,888,297,-988
681,-790,324,374,373,-216,-430
627,-35,-170,-354,-160,-349,125
521,257,-319,-302,-200,-285,211
454,78,-236,-264,-148,-242,45
472,359,-115,-89,-309,-288,229
749,-1103,363,71,455,-305,-658
345,-1424,192,-200,919,202,-1127
351,-1245,424,-86,683,-1,-921
251,-1166,388,164,717,158,-899
329,-1513,188,-28,894,142,-903
621,-759,61,282,467,-146,-410
295,-1414,400,-54,743,15,-957
63,-1319,336,317,763,194,-897
782,-779,-60,88,528,-163,-371
759,-878,62,-22,477,-282,-467
313,-1227,267,32,823,227,-983
546,9,-171,-252,-244,-442,303
118,-1353,42,-48,879,178,-944
866,-995,57,-91,550,-251,-522
403,220,-209,-112,-192,-189,94
700,-735,146,356,422,-175,-321
195,-1320,462,125,757,174,-1088
744,-915,177,21,398,-386,-407
523,265,-43,-152,-396,-490,380
133,-1366,109,91,898,258,-964
279,-1165,211,119,792,207,-835
735,-795,-20,258,540,-93,-363
692,-1239,11,-14,707,-83,-777
889,-883,197,63,451,-279,-426
942,-825,190,51,328,-482,-125
577,-909,153,258,480,-167,-540
654,-862,94,114,527,-122,-630
567,-890,16,379,562,-39,-471
585,197,-333,-264,-240,-401,440
195,-1379,164,172,870,229,-860
151,-1344,261,48,870,272,-1142
447,-1645,253,-421,918,36,-1157
475,83,-173,-146,-269,-412,338
709,-672,149,284,376,-237,-298
636,-928,182,296,536,-67,-626
664,324,-219,-344,-270,-364,285
331,-1327,216,-167,855,162,-1055
217,-1296,117,129,872,250,-858
696,358,3,-275,-436,-544,413
601,392,-230,-168,-287,-315,374
874,-1123,224,-43,516,-309,-567
575,249,-131,-111,-352,-458,486
282,-1526,142,-226,968,218,-1186
695,-884,95,157,525,-136,-549
396,-1434,347,-216,765,-28,-951
687,60,-275,-389,-210,-446,363
731,-927,284,98,396,-335,-503
658,61,-173,-335,-253,-464,332
245,-1413,309,116,883,273,-1073
485,185,-517,-311,-137,-291,349
834,-1007,155,76,532,-210,-521
944,-738,102,18,476,-208,-417
43,-1395,200,165,915,340,-1140
757,-878,229,132,423,-277,-471
348,-1638,337,-224,901,101,-1184
584,-853,92,354,522,-66,-510
694,-653,177,228,381,-213,-412
327,-1150,491,126,591,-37,-726
488,303,-179,-81,-360,-440,489
562,151,-135,-262,-333,-510,383
101,-1356,220,92,812,161,-953
301,-1483,189,-110,853,73,-907
554,-1130,-177,161,716,-23,-582
388,69,-381,-206,-149,-286,243
751,-1066,60,156,629,-78,-593
654,-989,181,263,469,-234,-439
910,-821,215,44,408,-320,-383
682,161,-229,-376,-275,-483,398
640,-854,67,158,468,-224,-440
483,-224,-337,-368,-56,-319,95
915,-861,321,133,366,-359,-343
754,-1007,122,-46,516,-264,-593
317,-1423,205,-128,885,167,-1039
208,-1488,-6,-32,978,247,-943
259,-1323,397,62,675,-27,-791
470,205,-387,-312,-244,-416,389
831,-921,163,54,443,-322,-393
268,-1686,159,-186,977,157,-1121
883,-798,292,122,361,-341,-361
791,-1229,-71,-160,635,-287,-516
531,-20,-217,-431,-178,-392,90
594,213,-325,-291,-222,-363,365
647,85,-257,-494,-196,-412,181
881,-789,275,135,325,-405,-249
493,372,-169,-196,-335,-375,300
318,-1334,259,-168,798,75,-992
636,-1038,-87,83,676,-33,-658
864,-866,343,60,330,-424,-382
365,-1346,411,-184,729,-4,-1010
143,-1486,49,5,1018,361,-1142
383,220,-399,29,-142,-145,331
620,-825,206,377,458,-120,-491
506,262,-214,-251,-225,-271,141
667,-928,76,162,554,-113,-583
577,366,-18,-56,-475,-554,587
264,-1417,228,41,879,212,-985
688,-1126,-120,26,698,-79,-608
161,-1243,322,159,720,106,-851
827,-706,373,196,323,-298,-434
728,-793,144,137,432,-241,-440
270,-1456,218,60,893,214,-963
763,-934,121,230,464,-261,-307
202,-1464,36,-159,897,107,-922
399,116,-392,-57,-76,-104,176
349,-1604,148,-161,901,55,-890
318,248,-200,83,-225,-175,209
481,576,-129,25,-426,-357,486
329,-1197,245,21,811,209,-936
643,78,-146,-564,-294,-561,203
721,-942,76,193,616,-11,-655
586,221,-238,-209,-194,-254,223
803,-767,46,79,447,-264,-328
872,-828,270,164,382,-318,-341
416,336,-259,-19,-277,-279,374
301,-1313,231,-127,848,177,-1065
835,-930,88,-34,483,-305,-433
756,-1065,27,77,617,-130,-570
183,-1461,287,34,867,202,-1090
228,-1524,139,-181,949,201,-1152
964,-954,150,-48,515,-259,-485
201,-1483,387,115,799,120,-986
743,342,-119,-354,-339,-453,354
553,237,-73,-95,-350,-429,397
338,-1425,306,-234,763,-37,-954
152,-1375,137,109,864,205,-892
822,-1115,110,122,554,-241,-423
114,-1383,130,190,954,382,-1062
106,-1721,93,-46,1006,219,-1112
624,-1255,-119,85,722,-88,-603
466,321,-151,-150,-348,-407,345
788,-684,197,217,312,-367,-189
485,183,-472,-232,-114,-216,289
303,214,-318,-103,-235,-297,274
632,215,-106,-229,-378,-547,493
867,-1198,113,-124,575,-307,-569
780,-937,-23,-20,631,-75,-653
495,226,-348,-247,-218,-332,327
108,-1489,295,117,821,134,-980
507,-108,-248,-329,-60,-219,-37
558,335,-158,-235,-373,-479,422
827,-518,352,279,263,-289,-312
357,-1541,335,-144,866,107,-1089
73,-1437,317,173,890,316,-1193
712,-820,289,352,378,-249,-363
318,-1363,293,48,797,115,-868
541,-101,-398,-498,-138,-457,261
141,-1459,213,41,908,254,-1110
428,263,-223,-181,-246,-284,185
592,36,-252,-265,-134,-272,175
529,437,-165,-65,-365,-370,452
215,-1290,233,191,822,222,-865
171,-1500,20,-146,944,173,-1006
692,336,-116,-271,-378,-501,461
748,-830,-37,186,555,-109,-396
568,-156,-318,-426,-100,-377,164
767,-875,240,308,401,-277,-301
732,-913,196,87,408,-343,-421
777,-656,203,212,333,-309,-276
268,-1378,305,6,834,177,-1033
452,26,-237,-292,-185,-345,141
966,-815,421,79,294,-441,-338
393,-1543,249,-379,850,-10,-1067
212,-1712,54,-194,1004,156,-1074
515,124,-71,-200,-281,-386,193
396,-1448,282,-270,766,-71,-892
155,-1333,306,209,814,228,-964
567,-102,-170,-348,-149,-357,91
588,-903,117,328,574,2,-653
313,-1218,504,81,640,8,-861
165,-1387,49,-107,948,267,-1099
598,-962,83,247,508,-183,-465
823,-957,73,32,566,-161,-552
150,-1527,105,-14,1043,402,-1267
571,175,-127,-354,-341,-528,321
647,247,-173,-279,-297,-424,361
123,-1571,-71,-83,1078,358,-1146
658,-992,-57,232,651,-13,-543
808,-981,83,-72,501,-307,-489
233,-1514,88,-65,996,293,-1106
549,80,-346,-472,-145,-339,124
632,-864,7,406,544,-66,-356
285,-1386,593,126,698,68,-1020
886,-867,283,153,418,-275,-419
808,-676,53,207,448,-182,-298
713,-677,56,303,442,-156,-300
841,-1025,195,36,506,-260,-530
392,-1172,448,16,575,-129,-638
660,-966,-40,133,620,-68,-578
767,-1008,240,184,483,-230,-507
207,-1709,141,-142,1064,313,-1306
437,252,-55,36,-338,-345,331
608,63,-229,-311,-224,-420,316
387,95,-451,-230,-135,-280,278
541,310,-221,-306,-261,-328,197
960,-1007,246,4,488,-289,-492
117,-1444,-26,-56,967,255,-1007
825,-675,278,107,325,-333,-387
663,418,-138,-227,-396,-480,492
898,-1180,39,-202,570,-358,-490
455,181,-403,-43,-104,-127,277
489,-980,25,346,592,-27,-590
650,53,-360,-489,-160,-408,267
516,-170,-392,-450,-101,-414,218
602,-900,174,290,494,-127,-563
567,69,-228,-416,-228,-438,211
712,-974,17,289,590,-80,-431
959,-785,412,39,269,-480,-318
845,-766,308,216,315,-373,-260
554,-12,-211,-270,-160,-324,168
777,-845,178,233,447,-219,-384
148,-1219,340,134,783,238,-1065
527,149,-392,-278,-105,-202,176
551,-33,-343,-449,-112,-340,125
420,234,-70,-7,-277,-258,175
527,98,-353,-257,-121,-241,202
145,-1199,290,255,756,206,-860
381,152,-294,-178,-135,-171,55
196,-1598,109,-149,961,179,-1098
466,26,-369,-213,-65,-170,116
601,-970,132,191,448,-287,-428
666,209,-22,-361,-359,-515,269
316,-1632,220,-98,921,123,-1004
139,-1493,208,102,880,196,-979
822,-800,235,9,375,-353,-443
23,-1519,38,138,1021,392,-1125
747,-923,187,312,466,-205,-365
945,-1005,61,-133,506,-356,-384
749,-638,97,323,407,-183,-253
349,35,-323,-168,-102,-183,65
473,116,-84,-157,-308,-429,274
573,184,-158,-338,-335,-520,356
765,-726,292,315,295,-360,-209
576,176,-328,-376,-170,-306,194
249,-1458,422,24,753,40,-967
315,-1656,186,-131,934,112,-998
431,2,-176,-214,-146,-243,13
580,409,-89,-177,-415,-475,438
234,-1695,122,-145,990,175,-1094
220,-1333,353,84,787,163,-1003
478,302,-309,-178,-234,-285,303
302,-1502,371,-13,841,136,-1059
433,330,-292,-160,-263,-302,304
745,-1052,-28,32,634,-122,-579
565,355,-22,-51,-386,-398,383
176,-1210,324,185,783,243,-988
413,171,-439,3,-94,-114,311
-6,-1456,136,184,921,302,-1058
354,-1547,318,-226,879,105,-1154
254,-1488,294,33,824,100,-925
728,-1015,73,117,549,-193,-499
112,-1492,151,94,1005,401,-1220
630,240,-218,-253,-239,-333,295
235,-1214,382,138,764,210,-1007
957,-1006,246,-51,471,-329,-495
267,-1600,256,-32,986,295,-1221
738,-730,139,191,418,-223,-389
554,514,-71,-137,-418,-400,367
1019,-882,165,-110,426,-394,-336
815,-1078,39,86,552,-258,-372
821,-781,28,134,517,-145,-405
169,-1376,242,221,918,363,-1071
841,-746,125,96,434,-247,-376
761,-656,220,299,393,-174,-392
503,-893,72,428,512,-88,-450
246,-1493,228,42,865,145,-923
695,-974,-131,101,627,-110,-454
462,125,-138,-132,-287,-399,303
746,-740,192,83,368,-321,-411
165,-1583,65,-94,959,183,-1027
601,241,-174,-302,-356,-530,446
688,281,-178,-366,-370,-561,489
272,-1153,410,203,757,252,-988
646,-745,203,348,422,-150,-447
291,-1425,273,-145,845,122,-1074
158,-1096,240,299,744,229,-776
759,-1022,178,56,507,-245,-566
770,-1063,-119,-146,646,-184,-578
529,-14,-300,-417,-177,-418,210
427,-1309,489,-212,663,-85,-956
555,203,-27,-56,-311,-352,290
545,1,-345,-419,-183,-441,291
354,-1420,490,69,792,151,-1055
467,73,-137,-246,-306,-488,300
593,136,-196,-271,-267,-432,344
584,241,-264,-172,-285,-411,488
703,-845,39,53,536,-140,-583
910,-967,222,-53,406,-426,-372
375,-1625,171,-291,955,119,-1106
899,-1215,55,-296,613,-313,-660
585,-77,-235,-503,-190,-478,170
58,-1473,215,124,952,358,-1221
340,-1487,357,-113,809,54,-1011
477,-94,-336,-306,-89,-291,138
803,-973,135,175,524,-189,-448
775,-1019,-9,22,596,-171,-517
747,414,119,-284,-517,-621,442
653,204,-66,-401,-378,-575,338
650,466,-42,-217,-445,-497,439
489,158,-280,-32,-204,-273,386
605,319,-25,-117,-403,-472,436
877,-811,256,7,318,-463,-288
463,65,-424,-399,-93,-256,100
247,-1494,120,-218,873,62,-973
974,-714,444,-6,218,-529,-306
68,-1317,338,189,840,309,-1169
727,-982,214,84,383,-421,-354
710,-962,-30,116,639,-38,-610
167,-1301,298,25,768,122,-986
316,-1291,224,-4,802,125,-860
473,59,-296,-273,-187,-354,242
416,-1495,360,-172,829,62,-1035
942,-944,243,-67,429,-371,-452
844,-877,268,-84,387,-384,-523
701,-857,124,178,489,-170,-502
219,-1580,321,-101,858,96,-1114
177,-1414,432,147,750,101,-972
248,-1223,414,221,792,283,-1043
203,-1454,172,150,952,332,-1031
515,218,-172,-275,-334,-483,353
828,-655,252,213,371,-228,-392
712,-923,14,109,580,-106,-560
116,-1464,66,198,994,382,-1011
475,-29,-304,-245,-153,-341,244
517,381,-43,-104,-397,-415,346
197,-1613,-2,-186,1031,242,-1119
160,-1393,298,198,820,197,-936
574,273,-296,-349,-198,-281,175
890,-834,168,110,458,-241,-393
573,255,-79,-301,-403,-562,390
535,-54,-347,-443,-55,-246,1
217,-1483,435,61,769,72,-1008
156,-1602,152,52,937,199,-990
937,-951,220,-124,437,-380,-480
233,-1123,455,284,680,171,-864
773,-553,272,345,289,-273,-238
871,-960,103,-113,420,-451,-317
946,-886,135,1,384,-450,-174
567,72,-199,-254,-274,-475,392
756,-885,129,-8,406,-383,-384
303,-1337,162,-23,902,252,-1003
86,-1417,70,135,958,339,-1030
208,-1422,254,123,831,160,-897
183,-1247,248,35,802,192,-1004
874,-1039,156,-23,546,-229,-575
756,-933,-25,17,627,-70,-636
882,-1009,37,-104,465,-426,-284
531,319,-117,-29,-311,-313,351
612,-931,27,367,574,-47,-461
256,-1486,249,-87,829,66,-958
462,71,-116,-114,-309,-460,370
613,373,-105,-212,-367,-429,373
312,-1365,596,119,696,71,-1013
550,49,-227,-253,-154,-280,152
603,81,-46,-227,-288,-432,252
684,-804,230,155,418,-227,-546
547,-985,-30,279,577,-104,-471
431,137,-448,-146,-109,-197,285
843,-588,336,265,217,-425,-139
613,-711,179,529,391,-155,-257
664,-1131,23,144,660,-62,-658
716,-1023,68,36,606,-110,-689
513,154,-52,-197,-340,-464,285
299,-1512,135,-265,851,1,-923
238,-1112,260,149,711,125,-759
-29,-1313,228,321,848,323,-1023
106,-1155,237,143,749,180,-905
390,-1245,289,-91,714,-9,-772
280,-1140,455,205,601,-4,-686
294,-1277,276,-20,773,104,-905
74,-1503,117,91,958,301,-1088
218,-1350,157,-112,811,75,-913
695,133,-329,-510,-181,-398,250
357,78,-363,-192,-134,-239,162
615,-924,63,360,553,-67,-470
757,-971,188,226,459,-266,-374
641,-913,-52,306,614,-15,-470
246,-1320,381,40,740,83,-949
177,-1541,215,-22,913,197,-1093
522,-46,-360,-389,-129,-368,215
654,-1119,21,134,622,-126,-587
144,-1362,5,49,939,281,-935
356,-1305,201,-39,845,172,-911
320,-1505,388,-216,793,9,-1097
462,294,-173,-9,-207,-147,158
738,-1144,7,15,643,-147,-615
57,-1364,187,162,881,289,-1052
379,296,-344,-19,-232,-250,380
762,-948,72,135,611,-43,-642
491,362,-262,-163,-292,-335,359
854,-847,261,-20,376,-379,-449
467,74,-454,-408,-129,-331,219
508,141,-254,-291,-168,-264,107
479,479,-244,-74,-361,-365,482
624,368,38,-205,-457,-536,397
734,-702,236,391,420,-123,-407
900,-1137,9,-295,589,-329,-582
320,-1474,151,-132,849,48,-849
245,-1460,256,43,866,178,-982
739,-837,61,306,554,-48,-452
730,-1041,-51,80,633,-115,-528
438,-1385,243,-147,851,119,-948
451,230,-356,-16,-181,-213,379
531,365,-189,-212,-304,-340,279
367,-1354,489,-67,704,0,-973
811,-977,80,31,517,-257,-447
635,66,-301,-463,-189,-422,251
654,-938,-122,161,612,-94,-442
563,-996,-46,212,616,-63,-568
658,211,-169,-249,-330,-497,480
182,-1338,284,129,865,288,-1085
566,177,-218,-385,-300,-496,327
893,-735,319,41,290,-439,-320
671,-848,-46,314,573,-53,-388
5,-1599,56,103,1047,396,-1205
667,379,-24,-223,-412,-486,398
595,169,-118,-387,-304,-472,222
272,-1296,113,61,863,208,-833
325,204,-297,-41,-225,-267,290
704,290,-67,-393,-368,-515,317
315,236,-166,74,-263,-237,247
699,125,-171,-442,-227,-408,190
152,-1328,230,-34,819,160,-1048
342,-27,-291,-167,-114,-226,79
738,-813,128,112,483,-173,-535
807,-870,361,100,351,-363,-475
320,-1267,268,15,723,18,-733
834,-1198,160,-74,576,-270,-629
319,-1324,164,13,851,174,-856
892,-904,345,144,401,-305,-446
699,-1112,21,150,597,-172,-483
869,-689,293,143,239,-491,-136
490,142,-273,-247,-206,-328,238
68,-1455,339,156,865,267,-1172
859,-909,275,11,429,-307,-533
845,-722,374,175,264,-421,-289
645,170,-260,-316,-245,-416,376
498,-46,-354,-375,-90,-289,106
603,218,-332,-384,-184,-315,225
390,364,-155,98,-335,-297,409
186,-1399,397,72,756,90,-993
329,-1618,249,-82,931,162,-1054
683,-1068,73,155,560,-188,-505
230,-1373,286,127,804,148,-885
653,-1040,-97,31,585,-216,-451
110,-1148,174,220,765,201,-797
626,210,22,-295,-405,-558,326
686,-915,81,137,446,-305,-350
283,-1537,245,-244,888,104,-1149
397,-1278,490,-71,688,10,-957
602,-27,-280,-512,-166,-430,159
742,-677,47,266,432,-190,-266
405,178,-337,-191,-148,-203,142
479,424,3,32,-375,-297,270
171,-1499,273,-44,899,217,-1189
691,-792,115,318,492,-101,-442
774,-1031,-29,1,653,-87,-631
162,-1250,143,234,848,273,-835
933,-953,205,-122,421,-416,-421
665,-1081,226,149,539,-168,-686
878,-1192,-23,-249,598,-346,-509
626,-875,-77,213,566,-107,-422
658,253,-21,-368,-404,-569,334
735,-870,46,64,483,-250,-422
760,-758,311,330,325,-312,-282
370,-1362,297,-22,863,212,-1033
310,-1491,190,-172,923,181,-1105
686,-1131,24,102,646,-101,-636
355,-1293,421,70,758,136,-950
125,-1354,244,36,816,165,-1019
831,-962,161,11,448,-347,-407
512,13,-303,-427,-122,-304,49
116,-1292,398,183,798,262,-1132
180,-1348,228,16,770,64,-858
237,-1320,32,-11,934,281,-953
725,-920,-19,113,537,-198,-400
640,326,-24,-257,-468,-620,513
534,14,-145,-410,-274,-513,210
593,193,-412,-371,-151,-299,276
728,-1051,-8,51,559,-243,-432
470,86,-178,-234,-261,-414,256
479,117,-136,-175,-276,-396,264
355,-1537,189,-354,890,51,-1093
173,-1680,186,-89,1023,292,-1283
680,-996,-43,105,596,-139,-502
506,14,-393,-421,-81,-263,78
115,-1322,266,176,787,170,-910
842,-1009,157,128,475,-304,-346
737,-921,196,302,481,-173,-430
927,-649,330,104,269,-416,-260
153,-1376,89,191,971,394,-1014
455,235,-189,-42,-201,-182,170
624,127,-257,-509,-214,-419,168
743,-1073,298,65,477,-275,-643
736,-853,123,246,479,-178,-403
366,-1488,202,-269,899,116,-1090
155,-1620,145,-12,1050,378,-1284
496,-54,-125,-289,-184,-351,65
841,-703,119,133,344,-378,-157
582,-867,74,281,485,-163,-444
614,-10,-236,-252,-195,-403,350
586,-995,-18,254,583,-106,-481
835,-805,225,28,297,-499,-219
317,-1251,327,-97,773,120,-1027
935,-1131,65,-184,545,-365,-454
360,-1402,481,25,773,114,-1035
614,314,-256,-322,-257,-350,287
721,97,-95,-595,-314,-585,212
477,189,-112,-188,-339,-459,324
399,209,-159,-63,-310,-377,336
873,-1183,-45,-277,563,-418,-425
415,180,-401,-245,-163,-267,236
529,161,-407,-372,-105,-221,124
383,266,-405,-232,-221,-315,309
914,-862,234,78,453,-249,-463
265,-1485,441,-131,743,-19,-1054
261,-1599,140,-19,938,165,-940
227,-1248,264,188,867,338,-1031
840,-877,407,219,354,-325,-429
549,30,-301,-365,-166,-367,217
829,-795,46,155,522,-133,-413
70,-1385,265,147,907,351,-1211
298,-1417,385,-116,731,-28,-945
302,-1441,469,-85,735,5,-1036
478,137,-390,-294,-197,-370,343
437,-1279,362,-75,760,79,-913
917,-1011,70,-45,466,-406,-261
849,-1020,92,-78,468,-394,-372
461,342,-156,35,-313,-294,384
955,-947,121,-146,469,-369,-417
637,-739,305,446,414,-98,-515
225,-1713,26,-203,1030,188,-1091
734,312,-127,-344,-394,-569,510
147,-1245,305,277,812,290,-967
385,-1500,247,-136,838,42,-894
447,-73,-215,-254,-206,-422,237
272,-1037,405,161,615,51,-744
430,361,-146,-113,-300,-282,199
704,-941,82,143,576,-88,-619
424,76,-466,-354,-61,-194,78
157,-1191,188,198,782,201,-809
557,60,-282,-196,-153,-284,265
760,-943,286,183,447,-237,-532
566,343,-190,-188,-312,-370,359
489,124,-112,-157,-263,-356,216
695,-897,-105,180,586,-112,-383
704,-1092,183,91,561,-171,-678
518,278,-351,-303,-234,-348,320
378,-1344,370,-48,726,0,-840
297,-1472,321,73,810,94,-873
736,-971,-68,1,649,-69,-633
775,-773,178,191,482,-122,-539
405,-1393,366,-157,736,-38,-885
568,100,0,-292,-324,-475,184
789,-834,220,121,338,-418,-262
348,266,-139,-30,-256,-223,128
259,-1557,110,-236,889,44,-962
232,-1546,115,-183,888,67,-961
307,-1216,442,-17,688,52,-963
866,-517,322,236,250,-340,-239
183,-1243,427,268,797,306,-1083
826,-779,415,300,314,-318,-358
692,271,-217,-380,-266,-400,302
566,175,-395,-333,-188,-357,354
221,-1104,176,123,740,144,-742
239,-1305,329,205,766,152,-833
604,497,26,-124,-456,-443,377
704,210,-177,-442,-284,-465,286
300,-1406,408,-182,737,-13,-1046
555,-7,-327,-218,-156,-352,359
822,-846,135,184,405,-332,-219
216,-1370,297,63,858,242,-1085
670,-777,121,329,471,-123,-420
236,-1516,122,-28,1011,341,-1161
306,-1677,79,-296,973,94,-1051
494,113,-303,-364,-133,-249,47
698,220,-285,-373,-238,-406,372
324,-1123,355,77,709,124,-859
310,-1315,320,-50,702,-37,-786
205,-1383,156,-51,902,235,-1073
254,-1457,351,41,761,28,-869
216,-1144,386,134,718,171,-964
264,-1259,327,-1,704,20,-838
727,-680,166,181,408,-201,-450
650,-1015,109,128,476,-293,-439
532,85,-420,-476,-92,-269,86
523,38,-426,-491,-110,-333,146
328,-1673,268,-287,932,98,-1200
303,-1168,426,125,621,-16,-714
259,-1423,275,-57,752,-19,-828
746,-1009,324,85,432,-306,-593
866,-829,251,108,389,-325,-374
775,-912,190,-34,390,-409,-422
586,216,-23,-191,-391,-521,395
176,-1490,109,-81,925,193,-1043
681,-1164,-12,22,683,-84,-711
772,-1041,114,109,497,-294,-390
129,-1166,187,128,755,157,-833
500,13,-207,-362,-253,-485,254
541,-861,46,376,530,-64,-479
205,-1407,335,12,716,-28,-832
637,-908,150,325,532,-71,-560
494,-1445,330,-227,834,63,-1006
963,-837,362,41,346,-391,-394
577,496,31,-49,-430,-375,340
789,-1001,196,80,503,-235,-549
548,80,-231,-388,-292,-541,366
448,132,-262,-224,-233,-367,273
754,-1080,64,-72,486,-391,-414
827,-1206,92,16,605,-230,-538
709,-875,147,327,448,-216,-316
275,-1153,195,62,777,170,-828
788,-975,293,183,402,-341,-393
701,-945,-16,214,633,-13,-561
336,-1504,246,-205,914,171,-1159
750,-814,220,110,419,-255,-505
-14,-1310,183,246,826,248,-948
391,-1320,236,-124,860,182,-1018
398,257,-405,-71,-178,-214,342
538,-910,86,285,532,-90,-580
820,-843,-4,56,483,-272,-298
328,-1543,258,-92,846,54,-920
273,-1412,272,102,894,271,-1035
651,-1011,60,105,583,-123,-636
652,222,-60,-383,-375,-554,327
214,-1291,269,124,781,150,-870
519,263,-142,-94,-296,-339,326
791,-897,101,218,543,-113,-468
323,-1449,316,38,830,130,-929
71,-1508,94,146,970,322,-1044
270,-1425,409,142,755,78,-871
790,-844,367,276,312,-378,-296
879,-1054,49,-172,574,-264,-580
621,181,-73,-163,-353,-493,447
737,-1095,-152,-108,618,-255,-448
869,-1192,31,-262,644,-241,-714
640,10,-245,-583,-247,-560,257
183,-1316,330,263,827,278,-978
245,-1579,179,5,959,238,-1051
586,29,-276,-526,-220,-492,222
497,210,-350,-277,-177,-276,227
388,-50,-481,-286,-52,-237,169
550,154,-136,-345,-362,-576,383
834,-1170,-9,-81,588,-304,-437
553,348,-201,-123,-242,-230,245
419,-116,-335,-294,-71,-256,64
318,-1493,274,-18,888,182,-1025
385,-92,-435,-271,16,-114,-24
258,-1105,443,181,665,125,-875
833,-594,176,204,353,-259,-279
412,155,-201,-72,-247,-316,283
437,329,-69,-40,-324,-298,220
567,339,-259,-275,-301,-397,372
604,-1022,80,189,560,-138,-584
151,-1474,242,42,858,167,-1020
240,-1357,327,25,790,127,-984
364,-1164,322,-25,712,65,-837
275,-1537,211,-146,917,164,-1106
692,-664,262,423,359,-186,-336
81,-1526,80,120,986,328,-1061
441,199,-268,-173,-252,-352,317
731,-907,-89,119,607,-92,-462
756,-846,55,247,523,-127,-394
200,-1604,97,32,985,250,-1001
322,-1257,139,-9,813,128,-782
185,-1201,204,149,770,166,-810
170,-1409,196,43,944,337,-1175
668,-873,-105,173,585,-97,-422
625,-874,73,238,543,-79,-568
860,-864,296,11,362,-393,-431
245,-1185,360,195,685,84,-757
303,-1329,122,-80,855,144,-883
530,-806,91,498,492,-56,-407
310,-1223,325,112,781,194,-916
443,337,-209,-142,-277,-288,237
315,-1386,153,-112,910,214,-1035
577,344,32,-123,-403,-430,311
714,-999,306,177,398,-345,-456
598,-120,-356,-589,-137,-477,193
528,373,-275,-83,-297,-332,470
730,-1012,-37,79,587,-177,-456
256,-1750,84,-277,1046,198,-1215
495,369,-267,-42,-270,-269,400
341,-1502,256,-24,847,90,-884
782,-748,3,124,458,-238,-291
395,56,-201,-193,-165,-247,49
423,-13,-503,-357,-2,-156,44
787,-1042,-18,-60,525,-334,-376
596,-84,-227,-351,-160,-396,209
527,263,-45,-191,-337,-395,222
811,-1171,154,-102,560,-287,-638
915,-858,225,25,416,-328,-402
507,460,-245,-86,-356,-373,496
249,-1371,276,-158,817,108,-1090
938,-1029,163,-54,541,-248,-546
411,-1509,230,-121,844,38,-845
935,-929,176,-26,457,-330,-408
630,-892,124,328,457,-206,-360
283,-1814,222,-251,1027,185,-1288
695,252,-254,-416,-250,-405,304
703,65,-208,-598,-223,-482,159
920,-613,427,142,226,-423,-299
127,-1442,178,28,848,141,-952
143,-1600,225,-12,888,130,-1037
348,-1291,541,29,652,-12,-908
281,14,-511,-66,-10,-75,145
762,-1125,229,-14,528,-261,-674
367,-1384,184,-115,838,90,-871
617,184,-299,-320,-265,-457,444
633,211,44,-201,-372,-472,290
729,-1242,38,-48,627,-230,-621
270,-1525,352,-46,829,92,-1041
97,-1531,97,95,1013,374,-1151
679,-882,213,209,484,-147,-599
593,29,-269,-209,-182,-359,356
898,-905,252,130,470,-222,-480
378,327,-214,-58,-300,-309,308
571,-51,-291,-496,-210,-519,276
140,-1279,300,225,803,243,-963
301,-1237,549,197,610,-10,-773
238,-1410,321,-124,776,39,-1019
322,-1262,394,9,763,145,-1014
34,-1487,119,162,933,287,-1025
266,-1743,133,-190,990,137,-1087
455,376,-238,-52,-295,-293,372
860,-913,-32,36,513,-280,-271
194,-1570,67,-107,1033,317,-1196
139,-1406,301,237,804,173,-885
270,-1333,483,7,714,60,-1029
449,402,-119,-134,-322,-292,187
474,80,-161,-124,-206,-289,189
170,-1617,-18,-163,1036,252,-1112
335,-1589,156,-356,963,142,-1205
482,127,-167,-166,-217,-294,172
574,-79,-165,-473,-186,-436,75
764,-950,183,-26,398,-418,-412
714,-902,2,69,586,-96,-596
520,222,-283,-233,-287,-434,431
431,363,-235,76,-265,-215,377
302,-1319,201,-56,859,195,-993
445,182,-476,-278,-166,-315,350
544,-50,-385,-341,-127,-372,302
609,-36,-248,-468,-160,-402,140
765,-1110,-16,-61,552,-322,-421
469,415,-206,-79,-370,-400,471
267,-1349,290,-153,811,115,-1090
601,111,-5,-354,-326,-493,175
749,-860,119,30,404,-366,-360
675,-896,287,260,430,-210,-537
456,157,-273,-119,-227,-326,341
158,-1479,188,27,946,296,-1149
284,-1329,293,-109,740,4,-893
537,461,-252,-87,-343,-358,501
515,-1439,378,-251,788,-4,-969
657,-797,206,392,444,-132,-432
803,-916,175,212,463,-242,-369
434,44,-84,-152,-286,-422,234
147,-1435,245,135,957,388,-1213
930,-867,36,-29,486,-300,-319
354,-1509,83,-290,912,76,-965
310,-1124,306,93,698,89,-764
855,-1072,111,10,495,-349,-364
552,204,-215,-212,-326,-489,479
367,-1424,294,-50,875,192,-1044
636,78,-107,-415,-279,-486,212
516,331,-56,8,-428,-483,546
559,266,-212,-324,-368,-551,464
255,-1423,133,-135,925,218,-1089
184,-1500,152,71,957,293,-1059
441,-79,-243,-271,-198,-427,247
316,-1409,558,64,724,69,-1036
545,226,-279,-333,-226,-345,231
652,-1113,-122,104,663,-113,-505
401,-1272,549,-106,620,-91,-909
916,-732,457,185,229,-465,-252
447,108,-308,-126,-150,-229,227
506,61,-183,-214,-282,-470,370
687,-741,202,397,381,-219,-283
157,-1488,107,19,955,272,-1056
540,135,14,-255,-327,-442,153
327,-1364,412,-76,769,86,-1051
483,93,-88,-162,-258,-355,179
699,-1016,54,118,524,-240,-438
140,-1349,194,130,901,315,-1068
388,333,-150,51,-339,-329,393
618,-810,149,433,452,-135,-365
61,-1414,120,207,923,317,-990
1017,-969,121,-127,451,-422,-294
358,-1490,241,-236,824,4,-952
151,-1318,244,167,861,288,-1029
322,-1197,407,-12,630,-57,-771
142,-1363,173,283,883,297,-877
430,109,-372,-290,-113,-219,99
321,246,-311,53,-192,-169,271
843,-974,198,184,437,-324,-295
809,-796,189,114,428,-249,-441
859,-768,42,34,493,-203,-413
795,-768,2,170,498,-170,-327
740,-1170,35,-48,631,-185,-657
472,256,-241,-299,-305,-435,307
814,-1039,162,143,494,-278,-393
423,98,-460,-293,-144,-317,296
309,-1574,244,-26,911,164,-1004
353,-1397,345,-183,735,-48,-911
387,-1292,320,-47,695,-47,-718
592,212,-110,-325,-414,-628,483
856,-1125,95,10,561,-269,-463
626,-1053,-13,165,589,-150,-501
359,106,-421,-186,-148,-271,267
577,10,-302,-398,-229,-502,374
273,-1424,173,-10,869,156,-910
678,-883,42,84,506,-205,-495
720,-1092,-49,38,667,-88,-621
462,251,-199,-271,-251,-314,134
325,-1456,176,-201,943,223,-1159
126,-1304,212,145,829,224,-952
897,-848,129,90,424,-332,-259
339,-1464,288,-303,810,2,-1064
710,-1273,63,-23,686,-124,-773
770,-844,204,106,463,-204,-554
177,-1340,59,-55,868,162,-906
204,-1783,164,-173,1063,272,-1319
80,-1454,241,171,883,260,-1053
719,-731,276,311,402,-168,-476
360,150,-329,0,-135,-145,212
753,-825,42,91,473,-241,-384
133,-1511,224,100,956,328,-1174
632,-864,215,275,458,-161,-545
53,-1447,170,189,980,418,-1194
470,-51,-247,-251,-158,-341,181
814,-784,180,144,376,-336,-286
339,-1256,359,-66,728,52,-925
241,-1258,317,9,671,-36,-759
905,-745,149,90,403,-303,-290
708,-837,308,277,378,-265,-439
840,-846,243,139,365,-371,-298
947,-908,230,-52,405,-396,-383
560,224,-391,-329,-188,-325,318
106,-1545,185,2,1011,377,-1320
518,169,-107,-240,-303,-422,244
812,-1119,-33,-142,654,-174,-649
285,-1352,51,-79,880,150,-842
591,441,-159,-169,-443,-537,600
569,198,-117,-257,-304,-424,274
15,-1320,217,312,864,333,-1007
390,-1382,329,-96,817,112,-995
859,-766,379,234,281,-403,-257
737,-986,-40,3,567,-215,-471
300,-1265,155,-103,885,246,-1056
833,-1091,3,-130,578,-280,-515
661,218,-94,-268,-312,-434,318
700,-903,234,290,428,-239,-410
748,-1066,100,31,554,-222,-566
259,-1332,203,109,926,350,-1064
666,-901,42,241,567,-71,-527
607,419,-23,-215,-453,-523,425
285,-1660,107,-292,982,136,-1136
702,380,139,-187,-503,-580,433
921,-873,331,-19,333,-455,-375
140,-1130,360,382,745,281,-887
329,-1511,203,-79,948,235,-1087
163,-1644,57,-127,1011,231,-1125
378,-1410,180,-249,909,173,-1103
220,-1432,88,-192,982,291,-1222
474,89,-254,-345,-166,-296,66
455,143,-273,-114,-156,-204,187
455,123,-240,-102,-208,-293,280
497,-17,-53,-300,-261,-441,115
332,341,-179,109,-318,-276,373
690,-992,-236,-27,648,-152,-438
852,-934,274,169,458,-237,-477
961,-1038,215,-38,490,-324,-465
258,-1286,58,-35,855,160,-823
356,81,-364,-158,-163,-282,253
569,109,-256,-289,-197,-346,251
332,132,-307,-116,-117,-134,46
593,-133,-217,-480,-114,-363,24
661,435,-20,-251,-464,-549,456
712,-906,35,297,547,-108,-390
380,201,-265,-24,-225,-261,304
676,-932,97,93,441,-325,-389
466,372,-277,-191,-344,-431,456
617,300,-61,-374,-380,-511,272
695,-891,155,327,518,-94,-493
548,31,-321,-354,-219,-466,373
429,-148,-367,-312,-39,-236,50
441,-1432,175,-246,839,22,-865
939,-891,44,-59,460,-365,-269
779,-1143,110,26,588,-207,-593
272,-1297,216,73,862,250,-966
363,-1459,259,-233,782,-47,-890
372,-1134,521,38,621,12,-871
646,-842,255,389,434,-156,-462
493,207,-427,-173,-166,-267,382
238,-1354,209,1,799,93,-859
369,-1650,331,-127,943,183,-1179
806,-1025,1,-46,548,-276,-440
130,-1224,183,152,802,212,-886
485,54,-410,-273,-134,-310,293
153,-1259,218,121,845,273,-1020
963,-835,169,3,387,-404,-243
308,-1265,216,61,884,300,-1015
590,235,-306,-301,-190,-286,240
383,-1297,340,-80,788,119,-988
861,-822,58,76,430,-333,-227
292,-1505,393,-12,851,163,-1119
140,-1546,97,-14,939,202,-1011
672,-34,-219,-354,-180,-413,278
316,43,-371,-88,-101,-175,155
622,-891,5,175,547,-121,-518
669,-830,88,314,458,-193,-323
69,-1583,82,19,1085,457,-1346
891,-883,411,17,324,-430,-462
187,-1411,221,11,797,71,-873
301,-1547,93,-158,932,130,-954
613,416,-1,-231,-424,-468,321
958,-990,265,-17,452,-340,-461
715,-695,330,381,329,-241,-357
520,227,-379,-306,-244,-409,414
451,-1335,286,-158,736,-47,-764
217,-1306,284,45,842,241,-1078
282,187,-380,-6,-153,-166,237
522,314,-295,-228,-308,-423,451
239,-1553,370,-5,851,136,-1098
198,-1181,326,82,724,128,-924
155,-1396,161,158,897,270,-952
275,-1097,434,184,653,102,-822
348,270,-125,80,-269,-216,216
520,74,-66,-163,-264,-375,205
428,-95,-404,-215,-68,-253,208
806,-1007,-25,-23,531,-303,-355
594,97,-345,-433,-240,-500,402
493,342,-129,-84,-297,-284,252
747,183,-198,-434,-272,-474,347
805,-964,120,-35,410,-439,-314
806,-989,9,-46,622,-118,-645
224,-1429,149,52,964,335,-1091
428,382,-119,38,-301,-228,256
773,-1113,232,-39,500,-310,-629
518,124,-105,-218,-285,-409,238
530,249,-282,-327,-243,-360,254
462,260,-347,-82,-176,-197,299
276,-1200,371,53,764,189,-1026
655,-1020,85,125,488,-286,-426
520,415,-242,-149,-345,-393,458
719,-768,163,119,388,-300,-398
182,-1260,242,-26,729,37,-861
538,240,-190,-129,-250,-300,292
306,-1408,417,-179,751,13,-1082
789,-997,14,-2,631,-92,-652
945,-923,158,-148,467,-342,-489
606,60,-311,-388,-214,-453,355
482,316,-127,-196,-309,-342,203
777,-1190,124,-39,600,-219,-662
844,-960,224,105,420,-353,-355
272,-1267,21,29,895,238,-816
176,-1444,252,84,910,287,-1121
314,-1413,188,-99,914,224,-1071
348,10,-440,-134,-79,-198,215
643,-1049,147,160,576,-109,-689
596,-900,-40,206,574,-86,-511
742,-1015,203,137,431,-350,-382
263,-1566,122,-127,963,200,-1067
807,-781,86,206,453,-220,-297
753,-939,49,269,570,-93,-429
535,161,-29,-156,-371,-504,372
462,132,-349,-265,-149,-261,182
390,-1480,265,-160,894,156,-1075
726,-1273,-86,-73,666,-235,-536
367,-1355,177,-84,896,214,-991
375,-19,-173,-156,-245,-412,248
187,-1370,336,116,741,63,-856
628,-909,91,359,494,-158,-368
842,-949,362,55,361,-405,-457
366,-1409,349,-137,734,-48,-864
756,-931,116,170,463,-275,-346
192,-1446,94,-53,984,322,-1152
447,-924,15,385,556,-49,-532
933,-895,201,-45,398,-410,-340
306,-1477,36,-257,982,217,-1098
782,-895,150,87,512,-173,-566
346,-1085,350,28,718,147,-911
170,-1288,459,195,771,234,-1104
803,-810,431,270,343,-279,-472
739,-866,146,-7,426,-325,-480
342,-1467,240,-160,885,145,-1065
775,-823,114,83,496,-174,-529
500,418,-174,-172,-354,-381,348
552,29,-246,-414,-217,-445,223
766,-913,213,112,371,-405,-311
190,-1623,211,-125,990,266,-1286
572,231,-309,-338,-284,-464,424
687,-785,105,297,472,-142,-402
267,-1521,213,-200,931,190,-1195
775,-738,293,290,338,-295,-313
781,-775,226,187,415,-226,-447
217,-1219,318,101,758,166,-940
453,213,-157,-134,-307,-392,318
549,80,-272,-210,-85,-147,65
195,-1445,360,104,853,229,-1111
361,303,-220,-37,-272,-267,266
369,-1249,347,-98,748,76,-954
318,-1359,533,22,701,38,-1005
652,-915,-46,272,609,-31,-481
946,-876,405,-2,325,-440,-429
584,120,-283,-377,-218,-408,280
684,441,1,-218,-525,-643,607
692,-666,294,481,289,-288,-178
518,63,-211,-306,-263,-467,311
761,-827,176,292,436,-214,-336
516,294,-34,-42,-312,-296,229
511,64,-399,-201,-128,-278,329
921,-1009,112,-124,504,-335,-463
355,-1291,355,26,804,183,-996
334,-1200,450,-10,656,3,-880
518,204,34,-52,-397,-475,375
214,235,-295,110,-225,-197,281
466,-1152,518,-50,562,-139,-702
515,85,-201,-112,-240,-369,366
504,29,-196,-229,-162,-280,114
621,305,-248,-266,-297,-414,420
595,149,-275,-312,-280,-490,454
513,198,-248,-258,-297,-455,395
317,-1538,301,11,900,195,-1046
179,-1642,150,-71,1060,368,-1322
315,-1510,430,-6,837,148,-1112
374,-1461,303,-298,802,-7,-1037
291,-1107,462,171,681,152,-916
344,-1501,192,-205,903,128,-1050
674,162,-218,-457,-271,-485,306
646,-929,-13,166,564,-127,-495
484,17,-324,-190,-159,-324,309
646,283,-153,-327,-416,-618,553
388,-1415,88,-203,859,48,-809
828,-858,109,-10,460,-289,-441
211,-1345,273,194,861,280,-984
341,-1382,194,-137,784,-2,-798
454,83,-438,-327,-138,-317,259
327,-1310,462,5,686,3,-898
746,-966,102,87,573,-118,-630
341,-1289,320,-131,731,9,-902
824,-1141,142,7,569,-239,-570
694,-1243,-106,-55,722,-115,-670
550,-1078,-116,274,696,20,-576
828,-833,134,27,490,-203,-532
336,-55,-304,-167,-132,-280,150
621,220,-233,-311,-299,-470,421
364,-1400,308,-105,765,3,-864
324,-1439,299,-160,799,33,-979
557,-118,-262,-348,-119,-349,153
475,405,-148,7,-383,-389,492
536,57,-217,-414,-191,-369,93
230,-1387,207,-110,795,44,-914
354,-1494,316,-268,844,62,-1128
293,-1468,172,-60,876,128,-916
239,-1443,225,53,866,178,-947
258,-1452,248,-139,811,42,-968
125,-1152,314,212,748,223,-949
729,-690,34,221,429,-216,-274
813,-768,77,56,503,-156,-512
276,-1571,92,-261,980,185,-1145
569,319,-113,-241,-397,-515,427
600,-148,-262,-411,-88,-331,91
888,-1050,6,-215,568,-301,-530
298,-1492,241,-143,834,50,-959
151,-1563,8,-49,1056,356,-1162
539,292,-213,-82,-313,-384,476
446,430,-130,69,-312,-222,306
853,-1037,121,-1,517,-288,-460
745,-958,217,148,387,-389,-322
371,-1317,325,-130,802,118,-1032
334,-1360,240,-124,856,164,-1041
445,-1588,286,-412,871,0,-1123
391,138,-394,-11,-88,-102,220
672,279,-213,-283,-249,-340,304
691,-782,224,375,456,-104,-479
580,-52,-353,-497,-109,-364,134
643,75,-207,-446,-199,-393,155
938,-797,391,-32,274,-496,-363
689,-864,24,62,537,-151,-560
216,-1400,220,130,840,175,-871
458,-1374,336,-173,771,11,-901
261,-1785,96,-277,1017,129,-1138
185,-1502,68,42,949,237,-939
693,-900,229,286,513,-86,-612
298,71,-388,-52,-122,-192,221
695,-1023,-50,88,672,-26,-656
807,-1028,10,-25,516,-327,-362
483,566,-140,60,-436,-378,557
344,-1730,112,-372,980,67,-1104
527,319,-186,-142,-306,-355,354
130,-1250,294,217,811,271,-1003
326,-1316,258,10,741,17,-733
650,356,-37,-200,-419,-509,448
510,-87,-139,-333,-189,-395,95
732,-604,174,294,334,-266,-245
813,-588,311,303,221,-416,-110
698,-1141,112,124,559,-225,-526
797,-1002,255,134,462,-274,-493
493,142,-377,-338,-216,-407,346
695,56,-142,-333,-244,-444,302
720,183,26,-328,-362,-517,291
488,-155,-453,-423,-35,-302,139
301,-1690,184,-250,958,114,-1129
797,-804,132,216,402,-302,-232
163,-1206,369,273,728,184,-874
230,-1419,315,-17,860,206,-1134
110,-1623,124,30,991,275,-1119
208,-1517,263,52,951,310,-1186
292,-1504,45,-245,956,162,-1036
595,78,-222,-219,-254,-443,424
395,-1538,247,-197,881,83,-1008
448,294,-184,-231,-281,-327,176
184,-1579,-3,-120,1042,297,-1126
217,-1087,336,241,657,95,-706
449,-91,-375,-348,-121,-365,211
285,-1246,389,-61,706,41,-963
742,-1025,124,203,513,-228,-408
397,-137,-361,-256,-70,-266,120
583,-796,177,424,465,-86,-481
597,-821,84,437,488,-99,-365
831,-807,102,122,428,-295,-286
811,-917,5,-85,564,-191,-570
136,-1478,281,142,878,239,-1061
388,268,-85,3,-299,-277,210
679,118,-150,-541,-272,-500,180
129,-1584,88,-29,996,278,-1130
399,170,-400,-209,-178,-290,286
453,162,-294,-266,-250,-402,316
692,-894,-151,64,597,-133,-429
195,-1407,230,106,846,184,-930
737,-1003,289,134,405,-353,-457
311,130,-180,-42,-208,-228,113
702,-810,170,111,431,-243,-505
851,-1145,182,-64,575,-234,-665
813,-776,378,276,301,-357,-306
850,-1109,178,60,533,-265,-495
812,-805,27,126,503,-185,-369
683,247,-277,-378,-209,-333,260
800,-621,342,319,253,-359,-210
848,-979,-81,-54,546,-296,-314
434,156,-274,-21,-216,-282,368
205,-1217,370,177,744,180,-939
216,-1274,475,256,733,185,-963
810,-1004,67,-120,479,-377,-434
516,123,-169,-150,-274,-404,353
846,-720,222,201,411,-211,-399
811,-766,135,92,455,-211,-459
301,-1522,319,-101,818,44,-983
319,-1116,341,95,712,132,-841
233,-1386,288,-3,876,245,-1139
196,-1432,205,-59,927,273,-1187
652,62,-160,-312,-174,-310,138
607,345,103,-64,-426,-435,331
288,-1323,247,-112,858,202,-1107
771,-720,351,344,340,-245,-378
264,-1096,358,126,611,-15,-665
37,-1323,184,167,827,219,-958
868,-919,149,81,517,-194,-496
887,-931,112,61,554,-156,-521
330,-1273,362,-51,695,-10,-838
176,-1636,237,-38,929,177,-1119
280,-1554,323,-104,894,166,-1167
753,-826,85,158,496,-169,-451
795,201,-94,-450,-337,-549,370
281,-1419,418,23,730,13,-904
333,-1393,160,-182,914,204,-1084
721,-826,144,133,373,-366,-293
113,-1280,389,274,834,349,-1148
630,-778,95,420,500,-56,-418
462,128,-77,-157,-294,-391,215
167,-1467,113,138,998,386,-1084
527,-789,63,358,447,-166,-375
607,74,-229,-227,-160,-282,221
675,-814,201,418,473,-90,-450
483,227,-360,-129,-180,-242,330
688,-1052,11,172,704,59,-750
